this string holds important and private information0,75f45f4fb312b1681181c61386faf558f2181b0244da769e62074809f10e5da4
this string holds important and private information1,089182cd81f7ba06b7e248b6cd4246275eaca45db4c9ae5e294b90fa069181de
this string holds important and private information33,0834486c2d2062dbbe320910af1d1cf638bda32f6bfc81dfd304cd38e4860a85
this string holds important and private information64,046be996bc0b73fc4af0ad93b91677cd4973382992bc463ba0da44eecb54784d
this string holds important and private information65,044f1da303d0c920e6bd86e98e27cccbcaa6b3a684753c57e6ca5d88d1cecdcb
this string holds important and private information67,09a9b1a5bf03e0afabdd42a1882fe5e3dfcd7e3e31dac7fe7ae7949afbbe8fb8
this string holds important and private information79,0e2bfe50bc5bbbda889fce96002fc79863a0b4c0855ca4ef1c20cbc2e7a9b0e4
this string holds important and private information80,01d713d8ed3f6107bd9bbb836684fc0948f603793482a12111b0ae10b6255c58
this string holds important and private information85,0e0c7fa234d3969aca5bef0cf1f43da7a2b812318a666c5de57013db008e4199
this string holds important and private information102,032952274c6b311d0f32e8d51b2f7024706c9855afc27516e6c3174b30fe349e
this string holds important and private information125,0f262a18ee6a94fb1cbf8b87e60f7e53671a81b76be1df821df7fd32120478e9
this string holds important and private information166,0bad2d5bba4152eba52a760815cc9dbe4972816ba5b579eecbba7dc3acc6595a
this string holds important and private information179,0c658fe1e5e5dff72e3bc95cae41d9e2ff56121a82813f19b9a06410c033ec85
this string holds important and private information198,071092dc6195d5b801459fedc3296da43116098e3a23392dde66ba4851970d53
this string holds important and private information213,0cf0093aac79aef736246bcc8b03330e6c3855dcf6183f08693b5f4be82028dd
this string holds important and private information233,027dcb99cd2a9252cdede281b9e5979f5220f7609a7a711d720eb7bf0a3fc1cc
this string holds important and private information245,0edc2e57e46000923752c57dd9c3fafad3f9544cc98f823faf3a5c826edb31d9
this string holds important and private information249,0400e1db53d5069453bba93632bc9790e0dc5dacfae5a092da28ed6f580eee6b
this string holds important and private information253,0191a4cbf769e5c3cbc36f92e5075cd229d954460a20988032ae4a070bce48ca
this string holds important and private information256,04c7ea60c5019aa142201ee9178ef5d5b298c0835ec89f641d72c28a2edf5a34
this string holds important and private information259,02a12d12174c50290a938ffd40534ec7a9ffb0ea4601f1e2794bc31d22c24448
this string holds important and private information262,0e29aacb1fec4a2449c76cf138a903054990eba7f499c4a7b57bf570b80b9381
this string holds important and private information276,0758e6c6f0ad0bf8cd2efff66f75931b22e8caea19f25f3f7ff0085ebdc3432e
this string holds important and private information301,0569b07084d97ec8dbdc59cae14b1b7c23b53aa6940a373d49479a1bea398566
this string holds important and private information320,01c17ed0396ed392bd42834373892028d8c4cb7ed2fe1ee80cd8bbdd8049aee8
this string holds important and private information342,0f3418e58d63821fc1f41854fc069a76b9d6dba8f23782008e4d3994c86adf79
this string holds important and private information352,0bc4478ad0d09d6210c1b26d508131864105b7197f1c11d23c86e4db5f8267d7
this string holds important and private information355,0f35f1818857293e50878030a04520a0c4c2aac8938e567c01c370db6aaa605c
this string holds important and private information372,09891b59e60c7b60cd77e0d98bf071b1b2e841bd5e9450bc7f97e2f1737650ca
this string holds important and private information398,074247e14b2b563b1d98f1dd89b139412ca05f8933ee5477f4b872cf5ada2c3a
this string holds important and private information429,082e700eb401c199dc2f630de576d917005e62ee85e7ad91196341c0b3965c40
this string holds important and private information434,097723f07f941f3b55459cc9e2cc47ff7cba40622dafba626b7d3998779c64c4
this string holds important and private information450,0b021ad3006fff548fb418acc4c092241b3874dbd12c049b2583130288a55d4b
this string holds important and private information461,01d2af810a660adf315c4186ee5dc1e80550459c200b81c07786df6898f0aa50
this string holds important and private information475,09cbf436f45d0a5ffe8b512f4fe5ce2d85830200cbb9e961c3257f94be984805
this string holds important and private information505,009e5c0c804f01e616ed00dfb6468f0a0b410fcd6fc776bf08cae6bd0bc733db
this string holds important and private information507,009983d40922e7ac772ebc7df9c21a46e9759c7c10898e36a45cd004acbd1ffa
this string holds important and private information651,00b44b92e15313059c2b1494630569de3ec708830fb8df359ced51fc78da8d25
this string holds important and private information665,00e7b7ff51e27139cdc24c2cadec9fb1b913b6e5fca6570aaae28e107ab0b2c8
this string holds important and private information1435,00d48d4de89297f08152b9bc601104206264bd0257d0a41103be4c1d92c6645b
this string holds important and private information1713,004513e529db487913e1b877375e3dc3452ec511520721b320494b402daa7ef5
this string holds important and private information1764,009f7b371ba117c17c9d3bfeeca8a848fd1883ab92ed163945a5fabc7599bbed
this string holds important and private information2150,00fe1a722c1e3a06da384eab324972054ba2b012d45377808eea38fc26c71012
this string holds important and private information2650,0018cca57b07cff1bd7839c7dc9a98e8bffba8ed54a8c9b8d6c0e1f308c89008
this string holds important and private information3191,0074e775d1c03f481d0ed35caac88b62d12d7f5713ad5160252ba00c6470c136
this string holds important and private information3243,00464bb163e62a70cff18455b46ca267043434790f63ffc979b4438678076cd5
this string holds important and private information3355,003965d45984f15e6c388ee0438bf5337f7a3573755a3d16d6d0ac260816c392
this string holds important and private information4112,004bb84fc54cc14267d4bae4e7623cbdb64091ca39947a7892648446b9a539cb
this string holds important and private information4300,005b5f39437cbf56eccdaccada80ad992f6992602ba5a733ed4875bd525782d2
this string holds important and private information4355,003a57d7f5dcfdbd0d2fd0e3b2f59b6d52779af56c1c1d0b44897a475583a610
this string holds important and private information4558,0098659f96f89a0b7fca93b0df303f2fa0c01ff2568f46c13aaf78df746d5f0a
this string holds important and private information4711,00ed0af99e91a24d5f5caf66e7ca02af473fedad79420bed44b1cfc6f5950374
this string holds important and private information5066,00734991e6751871b955b1452d49e1df421beaf1a094f3b1e0388494ead6dfd8
this string holds important and private information5432,00fba1bacaf0453bd36739665b3007b3eaef70cb2522712aa093d4ba9e0dc1c8
this string holds important and private information5445,00816b223fe4ebac37e932a26268ba4e3ae5df6e17a95d88ed5355d9ce085e87
this string holds important and private information5667,00fc099e1262ced42a9a758809eb93e029324b80b058dbb88c4b00da0e944d79
this string holds important and private information5923,00285ca6617604f1d61b5151519b7b5904a70720ec6c467a5fe583f151694064
this string holds important and private information6078,006121a25404c4b5b7dd958e711477b478c1eb8439461f9882e93519d73784ff
this string holds important and private information6185,008ac132a63233f7b3c247ed1ed173c26ed504e9d6dede37602f2928d6a20b0e
this string holds important and private information6751,005100d477fae5b194b1ced1548b2781b633faddff33aa4849b20a1182b0b9cc
this string holds important and private information6787,00243cabf366ee55f2f0b5d0e993e5de4b9470e4c3b272091bc7c3b12a5b3fc4
this string holds important and private information7383,002d9a89e3b99208a224f3f4750b68de51774183810fc655b91243b730c18187
this string holds important and private information7459,00157f39736220af1e9e848a94e0797c199395d2eca940ab3ab3540356ddf3d3
this string holds important and private information7532,00bb48167f9e057dc33987c4e634085d166d6ec14db1dd453edb0eb3ec38dee6
this string holds important and private information7568,004d136b71afbf561605836af4be359b62675f91e7dfb7be064f0aee0bf67f15
this string holds important and private information8508,00ecb1dff37e9c8b9c7f1ae6be9b563b582ace314f61ada7160de8e1a1b88b4d
this string holds important and private information8584,0016a639af9977bbe3e2524009348e9c6071016803cc9bbc9046c2c903b53fc3
this string holds important and private information8954,00041b9ebb7491ce541ed8f788e91580bebd8248696319f4578428338737073c
this string holds important and private information17077,0009a74fc94aafaafc3648085c0f5112210ea45a2266c66d9cfc401c75c5a236
this string holds important and private information23615,0004ddb99e7de4440057619b31d831820e5d9f0529ba1f4eb2b243bca6da42d2
this string holds important and private information24543,000de7877348e3743a7b942ae622f2c9233a50bc7b69c01eb38f8145e10bb618
this string holds important and private information29842,000567ff678794e60fd65c4e2d74db69ccb04e7706f4690718b3988879a4253c
this string holds important and private information33933,00077b762ea08ed5412fc0af7680a25950cbdb2269cf8ccca59c1e1d9e675227
this string holds important and private information37166,000e75d77deacd4de9741b8639abc9d8ad605d4fae82e74cb7227217a17a2f28
this string holds important and private information39613,000d07fbeef31e9cca9ec5884a33714445441763c9e5c42d03264b43f3666cd6
this string holds important and private information40466,000d28e18bede9880162cc30465e33b5236e694c0ffca789dd5d6ac7b72e7cee
this string holds important and private information41686,000dd0b74e53d65fd6be8f3ef27ba734168b26510210f52e262cbd9ab8f497bd
this string holds important and private information42480,00049327ff23a267a67e5c9b299367216b815fca306903897a45e8e3ab582534
this string holds important and private information42692,0000de693a4e32a2335b4998b3fad02db62c837636e8a01d31c9ecf7434e3d07
this string holds important and private information180319,000003290a1010965d1905de06c26b2a260aed3ddaf4d33fd8f470a7bdc17a9f
this string holds important and private information1350940,000008ee9c2c03ab761c8e094c4ff73d0f3272cafa1c631ad50f5b9ba5b51828
this string holds important and private information1746992,00000c760f2dba09fc259a6602aeae227e486d30719b9b691aeccbbb3aed62dd
this string holds important and private information3008668,00000546e03cee1872e3608f3447581006e3ba617e21c9ad3184cb01a5648a6e
this string holds important and private information4580322,00000d3d152d3d5c8081fde94ad9c5066afd23b6f05882f088c10e5abf782d40
this string holds important and private information6825675,000001f73e55fad0d21d707d3092ceae55776a2a84fda38efdaf95f736901668
this string holds important and private information7576138,00000767683eb3b48ef6822f5e4e3cf4825cae0838c17471d649a28f4eacdbe5
this string holds important and private information10511850,000005d217b9218ce7da92eb461699ae0e575b1759c8cb8833865a1178d44cad
this string holds important and private information10800198,000004efe0d0c5b98d83a54550ab8bff639b8ef5ea45b61225efe0d62dfd1cb8
this string holds important and private information12247248,00000dc549301d9e552d78fdb4ce4a5c75859badcbf68842de0596477a21cb14
this string holds important and private information12690047,00000d74411f4f0b4d1e44227e1deb7b81721fcaae0166bcbae1bb918e2ec62b
this string holds important and private information12888593,00000629acdda763be00214ce91ccf61796d00dda07aa14c0f529bca8415ddb8
this string holds important and private information13987165,00000880c4ffdeb674694e6a997409bb222e2f962091ee5b1df1f50edf443c53
this string holds important and private information16240802,00000420e0ac2a55657668076691bd5db8cce4dc1874d2020c0df560e6d2b7fe
this string holds important and private information16469043,00000e0521b3871b4b3210eddf871bfbc04c9de555fb6762f5b46d9608ade9cd
this string holds important and private information17364112,00000efa1e98107b9c8d3b6734b6e20530fefe2ccd71fee565657e0c01132cc2
this string holds important and private information17476086,00000e97517550b7568d428813bb359b5f7ea84f2e08067213b0e9834e5a0754
this string holds important and private information18486447,00000ae1e64612674057baf165c9a47cf52a527ecb2e7bfebe623899fb0d753c
this string holds important and private information18914506,000000f4d70a818dbefa4a75d67ba84408010b698323f85533fc38a670910ced
this string holds important and private information30236959,000000707d309892e8dbea2e182de39b645526d5617a63749228572bbaf2295f
this string holds important and private information0,75f45f4fb312b1681181c61386faf558f2181b0244da769e62074809f10e5da4
this string holds important and private information1,089182cd81f7ba06b7e248b6cd4246275eaca45db4c9ae5e294b90fa069181de
this string holds important and private information33,0834486c2d2062dbbe320910af1d1cf638bda32f6bfc81dfd304cd38e4860a85
this string holds important and private information64,046be996bc0b73fc4af0ad93b91677cd4973382992bc463ba0da44eecb54784d
this string holds important and private information65,044f1da303d0c920e6bd86e98e27cccbcaa6b3a684753c57e6ca5d88d1cecdcb
this string holds important and private information67,09a9b1a5bf03e0afabdd42a1882fe5e3dfcd7e3e31dac7fe7ae7949afbbe8fb8
this string holds important and private information79,0e2bfe50bc5bbbda889fce96002fc79863a0b4c0855ca4ef1c20cbc2e7a9b0e4
this string holds important and private information80,01d713d8ed3f6107bd9bbb836684fc0948f603793482a12111b0ae10b6255c58
this string holds important and private information85,0e0c7fa234d3969aca5bef0cf1f43da7a2b812318a666c5de57013db008e4199
this string holds important and private information102,032952274c6b311d0f32e8d51b2f7024706c9855afc27516e6c3174b30fe349e
this string holds important and private information125,0f262a18ee6a94fb1cbf8b87e60f7e53671a81b76be1df821df7fd32120478e9
this string holds important and private information166,0bad2d5bba4152eba52a760815cc9dbe4972816ba5b579eecbba7dc3acc6595a
this string holds important and private information179,0c658fe1e5e5dff72e3bc95cae41d9e2ff56121a82813f19b9a06410c033ec85
this string holds important and private information198,071092dc6195d5b801459fedc3296da43116098e3a23392dde66ba4851970d53
this string holds important and private information213,0cf0093aac79aef736246bcc8b03330e6c3855dcf6183f08693b5f4be82028dd
this string holds important and private information233,027dcb99cd2a9252cdede281b9e5979f5220f7609a7a711d720eb7bf0a3fc1cc
this string holds important and private information245,0edc2e57e46000923752c57dd9c3fafad3f9544cc98f823faf3a5c826edb31d9
this string holds important and private information249,0400e1db53d5069453bba93632bc9790e0dc5dacfae5a092da28ed6f580eee6b
this string holds important and private information253,0191a4cbf769e5c3cbc36f92e5075cd229d954460a20988032ae4a070bce48ca
this string holds important and private information256,04c7ea60c5019aa142201ee9178ef5d5b298c0835ec89f641d72c28a2edf5a34
this string holds important and private information259,02a12d12174c50290a938ffd40534ec7a9ffb0ea4601f1e2794bc31d22c24448
this string holds important and private information262,0e29aacb1fec4a2449c76cf138a903054990eba7f499c4a7b57bf570b80b9381
this string holds important and private information276,0758e6c6f0ad0bf8cd2efff66f75931b22e8caea19f25f3f7ff0085ebdc3432e
this string holds important and private information301,0569b07084d97ec8dbdc59cae14b1b7c23b53aa6940a373d49479a1bea398566
this string holds important and private information320,01c17ed0396ed392bd42834373892028d8c4cb7ed2fe1ee80cd8bbdd8049aee8
this string holds important and private information342,0f3418e58d63821fc1f41854fc069a76b9d6dba8f23782008e4d3994c86adf79
this string holds important and private information352,0bc4478ad0d09d6210c1b26d508131864105b7197f1c11d23c86e4db5f8267d7
this string holds important and private information355,0f35f1818857293e50878030a04520a0c4c2aac8938e567c01c370db6aaa605c
this string holds important and private information372,09891b59e60c7b60cd77e0d98bf071b1b2e841bd5e9450bc7f97e2f1737650ca
this string holds important and private information398,074247e14b2b563b1d98f1dd89b139412ca05f8933ee5477f4b872cf5ada2c3a
this string holds important and private information429,082e700eb401c199dc2f630de576d917005e62ee85e7ad91196341c0b3965c40
this string holds important and private information434,097723f07f941f3b55459cc9e2cc47ff7cba40622dafba626b7d3998779c64c4
this string holds important and private information450,0b021ad3006fff548fb418acc4c092241b3874dbd12c049b2583130288a55d4b
this string holds important and private information461,01d2af810a660adf315c4186ee5dc1e80550459c200b81c07786df6898f0aa50
this string holds important and private information475,09cbf436f45d0a5ffe8b512f4fe5ce2d85830200cbb9e961c3257f94be984805
this string holds important and private information505,009e5c0c804f01e616ed00dfb6468f0a0b410fcd6fc776bf08cae6bd0bc733db
this string holds important and private information507,009983d40922e7ac772ebc7df9c21a46e9759c7c10898e36a45cd004acbd1ffa
this string holds important and private information651,00b44b92e15313059c2b1494630569de3ec708830fb8df359ced51fc78da8d25
this string holds important and private information665,00e7b7ff51e27139cdc24c2cadec9fb1b913b6e5fca6570aaae28e107ab0b2c8
this string holds important and private information1435,00d48d4de89297f08152b9bc601104206264bd0257d0a41103be4c1d92c6645b
this string holds important and private information1713,004513e529db487913e1b877375e3dc3452ec511520721b320494b402daa7ef5
this string holds important and private information1764,009f7b371ba117c17c9d3bfeeca8a848fd1883ab92ed163945a5fabc7599bbed
this string holds important and private information2150,00fe1a722c1e3a06da384eab324972054ba2b012d45377808eea38fc26c71012
this string holds important and private information2650,0018cca57b07cff1bd7839c7dc9a98e8bffba8ed54a8c9b8d6c0e1f308c89008
this string holds important and private information3191,0074e775d1c03f481d0ed35caac88b62d12d7f5713ad5160252ba00c6470c136
this string holds important and private information3243,00464bb163e62a70cff18455b46ca267043434790f63ffc979b4438678076cd5
this string holds important and private information3355,003965d45984f15e6c388ee0438bf5337f7a3573755a3d16d6d0ac260816c392
this string holds important and private information4112,004bb84fc54cc14267d4bae4e7623cbdb64091ca39947a7892648446b9a539cb
this string holds important and private information4300,005b5f39437cbf56eccdaccada80ad992f6992602ba5a733ed4875bd525782d2
this string holds important and private information4355,003a57d7f5dcfdbd0d2fd0e3b2f59b6d52779af56c1c1d0b44897a475583a610
this string holds important and private information4558,0098659f96f89a0b7fca93b0df303f2fa0c01ff2568f46c13aaf78df746d5f0a
this string holds important and private information4711,00ed0af99e91a24d5f5caf66e7ca02af473fedad79420bed44b1cfc6f5950374
this string holds important and private information5066,00734991e6751871b955b1452d49e1df421beaf1a094f3b1e0388494ead6dfd8
this string holds important and private information5432,00fba1bacaf0453bd36739665b3007b3eaef70cb2522712aa093d4ba9e0dc1c8
this string holds important and private information5445,00816b223fe4ebac37e932a26268ba4e3ae5df6e17a95d88ed5355d9ce085e87
this string holds important and private information5667,00fc099e1262ced42a9a758809eb93e029324b80b058dbb88c4b00da0e944d79
this string holds important and private information5923,00285ca6617604f1d61b5151519b7b5904a70720ec6c467a5fe583f151694064
this string holds important and private information6078,006121a25404c4b5b7dd958e711477b478c1eb8439461f9882e93519d73784ff
this string holds important and private information6185,008ac132a63233f7b3c247ed1ed173c26ed504e9d6dede37602f2928d6a20b0e
this string holds important and private information6751,005100d477fae5b194b1ced1548b2781b633faddff33aa4849b20a1182b0b9cc
this string holds important and private information6787,00243cabf366ee55f2f0b5d0e993e5de4b9470e4c3b272091bc7c3b12a5b3fc4
this string holds important and private information7383,002d9a89e3b99208a224f3f4750b68de51774183810fc655b91243b730c18187
this string holds important and private information7459,00157f39736220af1e9e848a94e0797c199395d2eca940ab3ab3540356ddf3d3
this string holds important and private information7532,00bb48167f9e057dc33987c4e634085d166d6ec14db1dd453edb0eb3ec38dee6
this string holds important and private information7568,004d136b71afbf561605836af4be359b62675f91e7dfb7be064f0aee0bf67f15
this string holds important and private information8508,00ecb1dff37e9c8b9c7f1ae6be9b563b582ace314f61ada7160de8e1a1b88b4d
this string holds important and private information8584,0016a639af9977bbe3e2524009348e9c6071016803cc9bbc9046c2c903b53fc3
